{
    "questions": [
        {
            "question": "What is your primary reason for using cannabis?",
            "options": ["Relaxation", "Pain relief", "Creativity boost", "Improve sleep", "Social interaction", "Focus and productivity"]
        },
        {
            "question": "What time of day do you plan to consume cannabis?",
            "options": ["Morning", "Afternoon", "Evening", "Night"]
        },
        {
            "question": "How experienced are you with cannabis?", 
            "options": ["First time user", "Occasional user", "Regular user", "Daily User"]
        },
        {
            "question": "What intensity of effects are you seeking?",
            "options": ["Very mild", "Mild", "Moderate", "Strong", "Very Strong"]
        },
        {
            "question": "Which method of consumption do you prefer?",
            "options": ["Smoking", "Vaping", "Edibles", "Oils/Tinctures", "Topicals"]
        },
        {
            "question": "Do you prefer the cannabis strain to be:",
            "options": ["Sativa-dominant (energizing, uplifting)", "Indica-dominant (relaxing, calming)", "Hybrid (balanced effects)"]
        },
        {
            "question": "What type of flavor or aroma do you prefer?",
            "options": ["Earthy", "Citrus/Fruity", "Sweet", "Spicy/Herbal", "Pungent/Skunky"]
        },
        {
            "question": "Do you have a specific condition you would like cannabis to help with?",
            "options": ["Anxiety", "Chronic pain", "Insomnia", "Depression", "Lack of appetite", "None"]
        },
        {
            "question": "How important is it for the strain to have a high THC content?",
            "options": ["Not important", "Somewhat important", "Very important"]
        },
        {
            "question": "Do you want a strain with high CBD content?",
            "options": ["Yes", "No", "Does not matter"]
        }
    ]
}
